N,ACC,NMI,ARI
2000,0.7228166666666667,0.6221703527974777,0.516202429767038
