N,ACC,NMI,ARI
200,0.5475,0.5949632119005571,0.38650819569218875
